Event Name,Date,Years,Time of Day,Gender
1,2023-07-19,2023-07-19,,F
2,2024-02-04,2024-02-04,,F
3,2024-02-04,2024-02-04,,F
4,2023-12-16,2023-12-16,,F
5,2022-04-10,2022-04-10,,F
6,2024-02-04,2024-02-04,,F
7,2024-01-20,2024-01-20,,F
8,,2015,,F
9,2023-12-06,2023-12-06,,F
10,2023-12-06,2023-12-06,,F
11,2024-01-19,2024-01-19,17:30,F
12,2023-10-21,2023-10-21,17:30,F
13,2020-04-01,2020-04-01,13:40,F
14,2023-08-06,2023-08-06,,F
15,,2022,,F
16,2023-06-24,2023-06-24,18:00,F
17,2023-10-28,2023-10-28,15:30,F
18,2023-08-05,2023-08-05,17:10,F
19,2021-09-14,2021-09-14,15:30,F
20,2023-03-25,2023-03-25,17:00,F
21,2022-10-28,2022-10-28,18:30,F
22,2023-05-02,2023-05-02,23:30,F
23,2017-01-27,2017-01-27,,F
24,2023-11-21,2023-11-21,08:25,F
25,2024-02-04,2024-02-04,12:00,F
26,2018-01-03,2018-01-03,18:00,F
27,2023-11-29,2023-11-29,20:30,F
28,2024-02-04,2024-02-04,17:00,F
29,2023-08-04,2023-08-04,17:30,F
30,2023-08-12,2023-08-12,18:30,F
31,2021-02-20,2021-02-20,17:00,F
32,2020-04-11,2020-04-11,,F
33,2021-10-16,2021-10-16,13:20,F
34,2024-02-04,2024-02-04,14:46,F
35,,2023-09,08:00,F
36,,2023-09,,F
37,,2024,,M
38,,2015,17:00,F
39,2023-06-10,2023-06-10,17:00,F
40,2023-05-11,2023-05-11,08:20,F
41,2020-10-02,2020-10-02,,F
42,2022-09-12,2022-09-12,,F
43,,2019,,F
44,2023-04-15,2023-04-15,,F
45,2024-02-03,2024-02-03,,F
#01 Chinese,2024-02-06,2024-02-06,,
46,,2017,,F
47,2024-02-05,2024-02-05,18:00,F
48,,2014,,F
49,,2020,,F
50,,,,F
51,2021-10-26,2021-10-26,13:00,F
52,2024-01-12,2024-01-12,17:00,F
53,2024-02-04,2024-02-04,13:34,F
54,2022-11-13,2022-11-13,07:00,F
55,2021-01-31,2021-01-31,15:00,F
56,2023-08-05,2023-08-05,17:35,F
57,2018-10-24,2018-10-24,08:00,F
58,,2017,,F
59,2014-02-03,2014-02-03,17:30,F
60,2023-11-28,2023-11-28,19:30,F
61,2023-03-19,2023-03-19,17:00,F
62,2018-12-13,2018-12-13,16:00,F
63,2022-06-03,2022-06-03,16:00,F
64,2022-03-24,2022-03-24,12:00,F
65,2023-12-30,2023-12-30,18:30,F
66,,,,F
67,2024-01-20,2024-01-20,15:30,F
68,2024-02-18,2024-02-18,14:35,F
69,2024-02-18,2024-02-18,17:30,F
70,2024-02-18,2024-02-18,17:30,F
71,2024-02-18,2024-02-18,18:50,F
72,2024-02-18,2024-02-18,18:00,F
73,2023-08-25,2023-08-25,18:00,F
74,2024-02-18,2024-02-18,18:00,F
75,2024-02-18,2024-02-18,15:05,F
76,2023-10-30,2023-10-30,20:00,F
77,2024-02-18,2024-02-18,17:00,F
78,,2024-01,,
79,2024-02-18,2024-02-18,15:00,F
80,2024-02-20,2024-02-20,17:35,F
81,2024-02-18,2024-02-18,14:25,F
82,2024-02-18,2024-02-18,17:15,F
83,2021-07-20,2021-07-20,15:00,F
84,2021-10-23,2021-10-23,13:30,F
85,2024-01-27,2024-01-27,17:00,F
86,,2023-07,17:00,F
87,2021-07-03,2021-07-03,16:00,F
88,,2020,,F
89,,2009,,F
90,2022-12-22,2022-12-22,,F
91,2023-10-29,2023-10-29,14:00,F
92,,2009,,F
93,2023-11-16,2023-11-16,18:25,F
94,2021-02-17,2021-02-17,16:48,F
95,2014-06-06,2014-06-06,21:25,F
96,2021-10-27,2021-10-27,13:00,F
97,2023-09-30,2023-09-30,13:30,F
98,2022-01-22,2022-01-22,17:00,F
99,2024-01-06,2024-01-06,13:00,F
100,2023-02-14,2023-02-14,08:20,F
101,2021-10-07,2021-10-07,17:59,F
102,,2004,,F
103,2024-02-18,2024-02-18,17:50,F
104,2024-01-06,2024-01-06,13:00,F
105,2024-02-18,2024-02-18,14:30,F
106,2023-10-03,2023-10-03,14:00,F
107,,2013,,F
108,,2022-07,,F
,,2023-05,,F
,,2024-02-04,,F
109,,2018,,F
110,2022-03-24,2022-03-24,13:00,F
111,2024-02-04,2024-02-04,12:00,F
112,,2015,,F
113,2022-04-22,2022-04-22,13:30,F
114,2023-12-02,2023-12-02,17:49,F
115,2023-12-26,2023-12-26,15:23,F
116,2023-04-30,2023-04-30,17:30,F
